<?xml version="1.0" encoding="UTF-8"?>
<project-private xmlns="http://www.netbeans.org/ns/project-private/1">
    <editor-bookmarks xmlns="http://www.netbeans.org/ns/editor-bookmarks/2" lastBookmarkId="0"/>
    <open-files xmlns="http://www.netbeans.org/ns/projectui-open-files/2">
        <group>
            <file>file:/Users/ggmendez/Google%20Drive/Teaching/2019/1T/EstructurasDeDatos/Gonzalo/PracticaGrafos/src/ec/edu/espol/Graph/GraphLA.java</file>
            <file>file:/Users/ggmendez/Google%20Drive/Teaching/2019/1T/EstructurasDeDatos/Gonzalo/PracticaGrafos/src/ec/edu/espol/Graph/GraphMA.java</file>
            <file>file:/Users/ggmendez/Google%20Drive/Teaching/2019/1T/EstructurasDeDatos/Gonzalo/PracticaGrafos/src/ec/edu/espol/Graph/Edge.java</file>
            <file>file:/Users/ggmendez/Google%20Drive/Teaching/2019/1T/EstructurasDeDatos/Gonzalo/PracticaGrafos/src/ec/edu/espol/Graph/Vertex.java</file>
            <file>file:/Users/ggmendez/Google%20Drive/Teaching/2019/1T/EstructurasDeDatos/Gonzalo/PracticaGrafos/src/ec/edu/espol/Main/Main.java</file>
        </group>
    </open-files>
</project-private>
