#Seteado de la base de datos como la base de datos por defecto
USE G1_PROYECTO;
 
SET FOREIGN_KEY_CHECKS = 0;
SET AUTOCOMMIT=0;
INSERT INTO persona VALUES ('A000000001','DARWIN','GUINESS','BORJA'),
('A000000002','NICK','WAHLBERG','WOOD'),
('A000000003','ED','CHASE','STRENGCH'),
('A000000004','JENNIFER','DAVIS','ILLICH'),
('A000000005','JOHNNY','LOLLOBRIGIDA','GUBWERT'),
('A000000006','BETTE','NICHOLSON','BUSH'),
('A000000007','GRACE','MOSTEL','SALAVARRIA'),
('A000000008','MATTHEW','JOHANSSON','TOALA'),
('A000000009','JOE','SWANK','SWANK'),
('A000000010','CHRISTIAN','TABLE','TRIVINO'),
('A000000011','ZERO','CAGE','SALWMZ'),
('A000000012','KARL','BERRY','TORRES'),
('MEX0000013','UMA','WOOD','HIDALGO'),
('A000000014','VIVIEN','BERGEN','STUART'),
('COL0000015','CUBA','OLIVIER','BELINGW'),
('A000000016','FRED','COSTNER','UZCOCOVICH'),
('A000000017','HELEN','VOIGHT','VOLT'),
('A000000018','DAN','TORN','TRIANA'),
('A000000019','BOB','FAWCETT','NIETO'),
('MEX0000020','LUCILLE','TRACY','EXPTY'),
('PER0000021','KIRSTEN','PALTROW','BLANCK'),
('PER0000022','ELVIS','MARX','STARK'),
('A000000023','SANDRA','KILMER','HEUP'),
('A000000024','CAMERON','STREEP','CAICEDO'),
('ARG0000025','KEVIN','BLOOM','ALDAZ'),
('S000000026','RIP','CRAWFORD','BENAVIDES'),
('A000000027','JULIA','MCQUEEN','CASTRO'),
('A000000028','WOODY','HOFFMAN','CHAVEZ'),
('A000000029','ALEC','WAYNE','DRUMZ'),
('A000000030','SANDRA','PECK','ELI'),
('A000000031','SISSY','SOBIESKI','FLYING'),
('MEX0000032','TIM','HACKMAN','GUZMAN'),
('A000000033','MILLA','PECK','HENZ'),
('PAN0000034','AUDREY','OLIVIER','ILLLICH'),
('A000000035','JUDY','DEAN','JUAREZ'),
('A000000036','BURT','DUKAKIS','KTIOIUI'),
('A000000037','VAL','BOLGER','LENZ'),
('MEX0000038','TOM','MCKELLEN','MTIOIUI'),
('A000000039','GOLDIE','BRODY','NUNEZ'),
('A000000040','JOHNNY','CAGE','OLAVARRIA'),
('A000000041','JODIE','DEGENERES','PAEZ'),
('A000000042','TOM','MIRANDA','PEREZ'),
('A000000043','KIRK','JOVOVICH','POMNCE'),
('ARG0000044','NICK','STALLONE','KILMER'),
('A000000045','REESE','KILMER','CRONYN'),
('A000000046','PARKER','GOLDBERG','BOLGUER'),
('A000000047','JULIA','BARRYMORE','VOLT'),
('MEX0000048','FRANCES','DAY-LEWIS','RUIZ'),
('A000000049','ANNE','CRONYN','SANTANA'),
('MEX0000050','NATALIE','HOPKINS','TRIXX'),
('MEX0000051','GARY','PHOENIX','HOPNINGS'),
('PER0000052','CARMEN','HUNT','PHOENIX'),
('PER0000053','MENA','TEMPLE','HUNT'),
('COL0000054','PENELOPE','PINKETT','ROBERT'),
('A000000055','FAY','KILMER','HERNANDEZ'),
('A000000056','DAN','HARRIS','NORRIS'),
('A000000057','JUDE','CRUISE','MARTINEZ'),
('A000000058','CHRISTIAN','AKROYD','ENSIGNIA'),
('A000000059','DUSTIN','TAUTOU','TRIANA'),
('A000000060','HENRY','BERRY','AGUIRRE'),
('A000000061','CHRISTIAN','NEESON','MANDELA'),
('A000000062','JAYNE','NEESON','ELIUD'),
('MEX0000063','CAMERON','WRAY','ORTIZ'),
('MEX0000064','RAY','JOHANSSON','ROBALINO'),
('A000000065','ANGELA','HUDSON','RAMIREZ'),
('COL0000066','MARY','TANDY','HUDSON'),
('COL0000067','JESSICA','BAILEY','TEJENA'),
('COL0000068','RIP','WINSLET','WESLEY'),
('PER0000069','KENNETH','PALTROW','CRUZ'),
('PAR0000070','MICHELLE','MCCONAUGHEY','CANIZARES'),
('ARG0000071','ADAM','GRANT','MEXICO'),
('ARG0000072','SEAN','WILLIAMS','HOFFMAN'),
('A000000073','GARY','PENN','PENN'),
('A000000074','MILLA','KEITEL','RALP'),
('A000000075','BURT','POSEY','VILLANUEVA'),
('A000000076','ANGELINA','ASTAIRE','BLUM'),
('A000000077','CARY','MCCONAUGHEY','TOALA'),
('A000000078','GROUCHO','SINATRA','ZURITA'),
('A000000079','MAE','HOFFMAN','SANCHEZ'),
('A000000080','RALPH','CRUZ','LIENO'),
('A000000081','SCARLETT','DAMON','NIETO'),
('A000000082','WOODY','JOLIE','SOTO'),
('MEX0000083','BEN','WILLIS','COLLAGUAZO'),
('MEX0000084','JAMES','PITT','MALO'),
('MEX0000085','MINNIE','ZELLWEGER','MALO'),
('MEX0000086','GREG','CHAPLIN','MALO'),
('PER0000087','SPENCER','PECK','TEJENA'),
('PER0000088','KENNETH','PESCI','AXXT'),
('PER0000089','CHARLIZE','DENCH','UCHIT'),
('ARG0000090','SEAN','GUINESS','ORTIZ'),
('PAN0000091','CHRISTOPHER','BERRY','MOREIRA'),
('PAR0000092','KIRSTEN','AKROYD','CORTEZ'),
('A000000093','ELLEN','PRESLEY','JAIME'),
('A000000094','KENNETH','TORN','HERNANDEZ'),
('A000000095','DARYL','WAHLBERG','FERNANDES'),
('A000000096','GENE','WILLIS','POTTER'),
('A000000097','MEG','HAWKE','HARRY'),
('A000000098','CHRIS','BRIDGES','RON'),
('MEX0000099','JIM','MOSTEL','GRANGER'),
('A000000100','SPENCER','DEPP','WSESLEY');
COMMIT;
 
SET AUTOCOMMIT=0;
INSERT INTO edificio_empresa VALUES ('ED001','EDIFICIO MACRO'),
('ED002','EDIFICIO MACRO SUCURSAL 2'),
('ED003','EDIFICIO MACRO SUCURSAL 3'),
('ED004','EDIFICIO ATENCIÓN AL CLIENTE'),
('ED005','EDIFICIO PRINCIPAL ECUADOR'),
('ED006','EDIFICIO BODEGA PRINCIPAL'),
('ED007','EDIFICIO SERVICIOS MULTIPLES'),
('ED008','EDIFICIO FABRICACIÓN'),
('ED009','EDIFICIO DISTRICTO NORTE'),
('ED010','EDIFICIO DISTRICTO SUR'),
-- EDIFICIOS PARA FARMACIAS
('ED011','EDIFICIO NOR 1 ZN A'),
('ED012','EDIFICIO NOR 1 ZN B'),
('ED013','EDIFICIO SUR 1 ZN A'),
('ED014','EDIFICIO SRES 2 ZN D'),
('ED015','EDIFICIO NROS 1 ZN C'),
('ED016','EDIFICIO SUR 3 ZN F'),
('ED017','EDIFICIO EST 2 ZN E'),
('ED018','EDIFICIO EST 1 ZN B'),
('ED019','EDIFICIO EST 2 ZN G'),
('ED020','EDIFICIO EST 1 ZN N');

COMMIT;
 
SET AUTOCOMMIT=0;
INSERT INTO bodega VALUES
('001', 'PRINCIPAL MENDIBURO Y 1ERA', 'ED001'),
('002', 'GENERAL BERNAZA Y BOLIVAR', 'ED002'),
('003', 'AVE MACHALA Y ALEJO LASCANO', 'ED003'),
('004', 'AVE MACHALA Y 2DA AVE ', 'ED004'),
('005', 'PRINCIPAL MENDIBURO Y 3ERA', 'ED005'),
('006', 'GENERAL BERNAZA Y 4TA', 'ED006'),
('007', 'GENERAL BERNAZA Y 5TA', 'ED007'),
('008', 'PRINCIPAL MENDIBURO ENTRE BOYACA Y ESCOB', 'ED008'),
('009', 'AVE MACHALA Y 6TA', 'ED009'),
('010', 'PRINCIPAL MENDIBURO Y 7MA', 'ED010');
COMMIT;

SET AUTOCOMMIT=0;
INSERT INTO provincia VALUES 
(1,'ESMERALDA'),
(2,'MANABI'),
(3,'LOS RIOS'),
(4,'SANTA ELENA'),
(5,'GUAYAS'),
(6,'SANTO DOMINGO'),
(7,'EL ORO'),
(8,'AZUAY'),
(9,'BOLIVAR'),
(10,'CAÑAR'),
(11,'CARCHI'),
(12,'COTOPAXI'),
(13,'CHIMBORAZO'),
(14,'IMBABURA'),
(15,'LOJA'),
(16,'PICHINCHA'),
(17,'TUNGURAHUA'),
(18,'MORONA SANTIAGO'),
(19,'NAPO'),
(20,'ORELLANA'),
(21,'PASTAZA'),
(22,'SUCUMBIOS'),
(23,'ZAMORA CHINCHIPE');
COMMIT; 

SET AUTOCOMMIT=0;
INSERT INTO canton VALUES 
(1,'ATACAMES',1),
(2,'ELOY ALFARO',1),
(3,'ESMERALDAS',1),
(4,'MUISNE_E',1),
(5,'QUININDE',1),
(6,'RIOVERDE',1),
(7,'SAN LORENZO',1),
(8,'BOLIVAR',2),
(9,'CHONE',2),
(10,'EL CARMEN',2),
(11,'FLAVIO ALFARO',2),
(12,'JAMA',2),
(13,'JARAMIJO',2),
(14,'JIPIJAPA',2),
(16,'JUNIN',2),
(17,'MANTA',2),
(18,'MONTECRISTI',2),
(19,'OLMEDO',2),
(20,'PAJAN',2),
(21,'PEDERNALES',2),
(22,'PICHINCHA',2),
(23,'SUCUMBIOS',2),
(24,'PORTOVIEJO',2),
(25,'PUERTO LOPEZ',2),
(26,'ROCAFUERTE',2),
(27, 'Babahoyo', 3),
(28, 'Baba', 3),
(29, 'Puebloviejo', 3),
(30, 'Quevedo',3),
(31,'Palenque', 3),
(32,'MONTALVO', 3),
(33,'BUENA FE', 3),
(34,'MUISNE', 3),
(35,'VENTANAS', 3),
(36,'VINCES', 3),
(37,'BALLENITA', 4),
(38,'ANCON', 4),
(39,'CHANDUY', 4),
(40,'MANGARALTO', 4),
(41,'GUAYAQUIL', 5),
(42,'BALAO_G', 5),
(43,'ALFREDO BAQUERIZO', 5),
(44,'BALZAR', 5),
(45,'COLIMES', 5),
(46,'DAULE', 5),
(47,'BALAO', 5),
(48,'DURAN', 5),
(49,'EL EMPALME', 5),
(50,'EL TRIUNFO', 5),
(51,'GRAL ANTONIO ELIZALDE', 5),
(52,'ISIDRO AYORA', 5),
(53,'LOMAS DE SARGENTILLO', 5),
(54,'MARCELINO MARIDUEÑA', 5),
(55,'MILAGRO', 5),
(56,'NARANJAL', 5),
(57,'NARANJITO', 5),
(58,'NOBOL', 5),
(59,'PALESTINA', 5),
(60,'PEDRO CARBO', 5),
(61,'PLAYAS', 5),
(62,'SALITRE', 5),
(63,'SAMBORONDON', 5),
(64,'STA LUCIA', 5),
(65,'SIMON BOLIVAR', 5),
(66,'YAGUACHI', 5),
(67,'ALLURIQUIN',6),
(68,'LUZ DE AMERICA',6),
(69,'SAN JACINTO DE BUA',6),
(70,'VALLE HERMOSO',6),
(71,'MACHALA',7),
(72,'ARENILLAS',7),
(73,'BALSAS',7),
(74,'EL GUABO',7),
(75,'HUAQUILLAS',7),
(76,'RMARCABELI',7),
(77,'PIÑAS',7),
(78,'PASAJE',7),
(79,'PORTOVELO',7),
(80,'ZARUMA',7),
(81,'CUENCA',8),
(82,'CHORDELEG',8),
(83,'EL PAN',8),
(84,'GIRON',8),
(85,'GUACHAPALA',8),
(86,'NABON',8),
(87,'PAUTE',8),
(88,'PUCARA',8),
(89,'SAN FERNANDO',8),
(90,'SANTA ISABEL',8),
(91,'SEVILLA DE ORO',8),
(92,'SIGSIG',8),
(93,'CALUMA',9),
(94,'CHILLANES',9),
(95,'CHIMBO',9),
(96,'ECHEANDIA',9),
(97,'LAS NAVES',9),
(98,'SAN MIGUEL',9),
(99,'AZOGUES',10),
(100,'BABLIAN',10),
(101,'CAÑAR',10),
(102,'DELEG',10),
(103,'EL TAMBO',10),
(104,'LA TRONCAL',10),
(105,'SUSCAL',10),
(106,'TULCAN',11),
(107,'ESPEJO',11),
(108,'BOLIVAR_P',11),
(109,'MONTUFAR',11),
(110,'MIRA',11),
(111,'LATACUNGA',12),
(112,'PUJILI',12),
(113,'SACEDO',12),
(114,'PANGUA',12),
(115,'SIGCHOS',12),
(116,'RIOBAMBA',13),
(117,'ALAUSI',13),
(118,'CHUNCHI',13),
(119,'COLTA',13),
(120,'GUAMOTE',13),
(121,'GUANO',13),
(122,'ANTONIO ANTE',14),
(123,'COTACACHI',14),
(124,'OTAVALOO',14),
(125,'PIMANPIRO',14),
(126,'OTAVALO',14),
(127,'SAN MIGUEL DE URCUQUI',14),
(128,'IBARRA',14),
(129,'LOJA',15),
(130,'CALVAS',15),
(131,'CATAMAYO',15),
(132,'CELICA',15),
(133,'CHAGUARPAMBA',15),
(134,'ESPINDOLA',15),
(135,'GONZANAMA',15),
(136,'MACARA',15),
(137,'OLMEDOO',15),
(138,'PALTAS',15),
(139,'PINDAL',15),
(140,'QUILANGA',15),
(141,'QUITO',16),
(142,'CAYAMBE',16),
(143,'MEJIA',16),
(144,'PEDRO MONCAYO',16),
(145,'PEDRO VICENTE MALDONADO',16),
(146,'PUERTO QUITO',16),
(147,'RUMIÑAHUI',16),
(148,'SAN MIGUEL DE LOS BANCOS',16),
(149,'AMBATO',17),
(150,'BAÑOS',17),
(151,'CEVALLOS',17),
(152,'MOCHA',17),
(153,'PATATE',17),
(154,'PELILEO',17),
(155,'QUERO',17),
(156,'SANTIAGO DE PILLARO',17),
(157,'TISALEO',17),
(158,'MORONA',18),
(159,'GUALAQUIZA',18),
(160,'HUAMBOYA',18),
(161,'LIMON INDANZA',18),
(162,'LOGROÑO',18),
(163,'PABLO SEXTO',18),
(164,'PALORA',18),
(165,'SAN JUAN BOSCO',18),
(166,'SANTIAGO DE MENDEZ',18),
(167,'SUCUA',18),
(168,'TAISHA',18),
(169,'TIWINZA',18),
(170,'TENA',19),
(171,'ARCHIDONA',19),
(172,'CARLOS JULIO AROSEMA',19),
(173,'EL CHACO',19),
(174,'QUIJOS',19),
(175,'FRANCISCO DE ORELLANA', 20),
(176,'AGUARICO',20),
(177,'LA JOYA D ELOS SACHAS',20),
(178,'LORETO',20),
(179,'PASTAZA',21),
(180,'ARAJUNO', 21),
(181,'MERA',21),
(182,'SANTA CLARA',21),
(183,'LAGO AGRIO',22),
(184,'CASCALES',22),
(185,'CUYABENO',22),
(186,'GONZALO PIZARRO',22),
(187,'PUTUMAYO',22),
(188,'SHUSHUFINDI',22),
(189,'SUCUMBIOSs',22),
(190,'ZAMORA',23),
(191,'CENTINELA DEL CONDOR',23),
(192,'CHINCHIPE',23),
(193,'EL PANGUI',23),
(194,'NANGARITZA',23),
(195,'PALANDA',23),
(196,'PAQUISHA',23),
(197,'YACUAMBI',23),
(198,'YANTZAZA',23);
COMMIT;
 
SET AUTOCOMMIT=0;
INSERT INTO FARMACIA (CODIGO, NOMBRE,CALLE_PRINCIPAL, CALLE_SECUNDARIA, LATITUD, LONGITUD, REFERENCIA, ID_CANTON, ID_JEFE, COD_EDIFICIO)
VALUES 
('FA001', 'FARMACIA PATITO','AVENIDA QUITO', 'AV PADRE SOLANO', 2.36589875, 1.36000298, 'DIAGONAL ANTIGUO SECAP', 41, 'EMP001', 'ED001'), 
('FA002', 'FARMACIA RANITA', 'VIA QUEVEDO', 'AV MACHALA', 7.36589875, 1.36000298, 'CASA 5 PISOS', 57, 'EMP002', 'ED002'), 
('FA003', 'FARMACIA OSITO', 'VIA DAULE', 'AV 1 Y 3', 8.24, 7.12, 'CASA VERDE Y AZUL', 42, 'EMP001', 'ED003'), 
('FA004', 'FARMACIA HAMILTON', 'PERIMETRAL', 'ENTRADA DE LA 8', 1.36589875, 1.36000298, 'ENTRE FICUS Y LA M', 43, 'EMP004', 'ED004'), 
('FA005', 'FARMACIA LIN', 'MITRAS', 'MONTERREY', 2.36589875, 1.36000298, 'BARRIO ANTIGUO', 1, 'EMP005', 'ED005'), 
('FA006', 'FARMACIA MANUEL', 'AV GARZA SADA', 'AV LEONIDAS IZA', 1.02, 485.2, 'DIAGONAL ASADERO BONITO', 85, 'EMP006', 'ED006'), 
('FA007', 'FARMACIA MIRANDA', 'AVENIDA QUITO', 'AV PADRE SOLANO', 87.01, 777.02, 'DIAGONAL ANTIGUA UNIVERSIDAD', 7, 'EMP007', 'ED007'), 
('FA008', 'FARMACIA JONATHAN', 'VILLAS DEL NUEVO', 'AV 3 Y 4', 2.36589875, 1.36000298, 'ENTRE 2 CASAS GRANDES', 95, 'EMP008', 'ED008'), 
('FA009', 'FARMACIA GROFF', 'AV MUCHA VIDA', 'AV PADRE SOLANO', 3.009874, 0.23659811, 'CALLE PRINCIPAL', 5, 'EMP009', 'ED009');
COMMIT; 
 
SET AUTOCOMMIT=0;
INSERT INTO CARGO_EMPLEADO(ID_CARGO, NOMBRE) VALUES (1,'SUPERVISOR'),
(2,'RECEPCIONISTA'),
(3,'ASISTENTE'),
(4,'BODEGUERO'),
(5,'VENDEDOR FARMACEUTICO'),
(6,'SERVICIO AL CLIENTE'),
(7,'SECRETARIA'),
(8,'AUXILIAR DE BODEGA'),
(9,'ASISTENTE DE LIMPIEZA'),
(10,'TRANSPORTISTAS');
COMMIT;
 
SET AUTOCOMMIT=0;
INSERT INTO EMPLEADO(ID_EMPLEADO, SUELDO, FECHA_INGRESO, CEDULA, ID_CARGO, ID_SUPERVISOR, ID_LUGAR_TRABAJO) 
VALUES
('EMP001', 1500.80, now(), 'MEX0000099', 1, NULL, 'ED001'),
('EMP002', 1400.55, now(), 'PAN0000034', 1, NULL, 'ED002'),
('EMP003', 4200.15, now(), 'A000000041', 1, NULL, 'ED003'),
('EMP004', 1600, now(), 'A000000047', 1, NULL, 'ED004'),
('EMP005', 4800.15, now(), 'PER0000022', 1, NULL, 'ED005'),
('EMP006', 2400.15, now(), 'COL0000068', 1, NULL, 'ED006'),
('EMP007', 4500, now(), 'PER0000087', 1, NULL, 'ED007'),
('EMP008', 3490.15, now(), 'A000000042', 1, NULL, 'ED008'),
('EMP009', 2600.15, now(), 'MEX0000085', 1, NULL, 'ED009'),
('EMP010', 400.15, now(), 'A000000001', 2, 'EMP001', 'ED001'),
('EMP011', 395.50, now(), 'MEX0000048', 9, 'EMP004', 'ED004'),
('EMP012', 550.15, now(), 'COL0000015', 3, 'EMP009', 'ED009'),
('EMP013', 400.15, now(), 'MEX0000013', 2, 'EMP007', 'ED007'),
('EMP014', 600.50, now(), 'MEX0000064', 5, 'EMP005', 'ED005'),
('EMP015', 490.15, now(), 'ARG0000072', 3, 'EMP003', 'ED003'),
('EMP016', 400.15, now(), 'A000000073', 9, 'EMP007', 'ED007'),
('EMP017', 400.15, now(), 'MEX0000086', 8, 'EMP002', 'ED002'),
('EMP018', 800.15, now(), 'PER0000088', 5, 'EMP005', 'ED005'),
('EMP019', 400.15, now(), 'PER0000021', 7, 'EMP004', 'ED004'),
('EMP020', 600.15, now(), 'S000000026', 4, 'EMP009', 'ED009'),
('EMP021', 750.15, now(), 'A000000057', 6, 'EMP004', 'ED004'),
('EMP022', 400.15, now(), 'A000000061', 4, 'EMP006', 'ED006'),
('EMP023', 395.15, now(), 'ARG0000071', 9, 'EMP002', 'ED002'),
('EMP024', 400.15, now(), 'ARG0000090', 4, 'EMP004', 'ED004'),
('EMP025', 550.15, now(), 'A000000093', 2, 'EMP008', 'ED008'),
('EMP026', 400.15, now(), 'A000000097', 9, 'EMP001', 'ED001');
COMMIT;
 
SET AUTOCOMMIT=0;
INSERT INTO DIR_EMPLEADO(COD_DIR_EMPL, DIRECCION, ID_EMPLEADO) 
VALUES ('D001','PRINCIPAL MENDIBURO ENTRE BOYACA Y ESCOB', 'EMP001'),
('D002','GENERAL BERNAZA Y BOLIVAR', 'EMP001'),
('D003','AVE MACHALA Y ALEJO LASCANO', 'EMP002'),
('D004','BAQUERIZO 621', 'EMP003'),
('D005','VILLA ESPAÑA', 'EMP003'),
('D006','LAS JOYAS REINA BEATRIZ', 'EMP004'),
('D007','GUAYACANES', 'EMP005'),
('D008','SAUCES 5 MZ 257 SOLAR 14', 'EMP014'),
('D009','NOBOL', 'EMP006'),
('D010','URDESA CENTRAL', 'EMP007'),
('D011','VILLAS DEL REY', 'EMP008'),
('D012','DAULE FLOR DE MARIA', 'EMP009'),
('D013','BASTION POPULAR BLOQUE 7', 'EMP010'),
('D014','BERNAZA NORTE', 'EMP011'),
('D015','PUERTO BOLIVAR', 'EMP012'),
('D016','CDLA. MARTHA DE ROLDOS', 'EMP012'),
('D017','KM 51 VIA A LA COSTA', 'EMP013'),
('D018','GOMEZ RENDON Y LA 23', 'EMP015'),
('D020','KM 81/2 VIA A DAULE JUAN MONTALVO', 'EMP016'),
('D021','MENDIBURO Y CORDOBA', 'EMP017'),
('D022','PROVINCIA DE LOS RIOS- QUEVEDO', 'EMP018'),
('D023','VACA GALINDO 902', 'EMP019'),
('D024','LA B Y TUNGURAHUA', 'EMP020'),
('D025','COOP GALLEGOS LARA', 'EMP021'),
('D026','GUASMO NORTE', 'EMP022'),
('D027','POSORJA', 'EMP023'),
('D028','CHIMBORAZO 3310 Y AZUAY', 'EMP024'),
('D029','LOMAS DE SAN PEDRO', 'EMP025'),
('D030','CALIXTO ROMERO 316 Y FRANCISCO DE PELAVALLE', 'EMP026');
COMMIT;
 
SET AUTOCOMMIT=0;
INSERT INTO TEL_EMPLEADO(COD_TEL_EMPL, TELEFONO, ID_EMPLEADO) 
VALUES ('T001', 0953687895 , 'EMP001'),
('T002',0999955874, 'EMP002'),
('T003',0955522148, 'EMP003'),
('T004',0923587746, 'EMP004'),
('T005',0956878952, 'EMP004'),
('T006',0936588791, 'EMP005'),
('T007',0906850120, 'EMP006'),
('T008',0985687002, 'EMP006'),
('T009',0962902584, 'EMP006'),
('T010',0958741236, 'EMP007'),
('T011',0985741236, 'EMP008'),
('T012',0958743681, 'EMP009'),
('T013',0958745632, 'EMP010'),
('T014',0968574123, 'EMP011'),
('T015',0953680014, 'EMP012'),
('T016',0987563210, 'EMP013'),
('T017',0978526841, 'EMP014'),
('T018',0953687412, 'EMP015'),
('T020',0988756600, 'EMP016'),
('T021',0900065822, 'EMP017'),
('T022',0398875621, 'EMP018'),
('T023',0968312258, 'EMP019'),
('T024',0911955864, 'EMP020'),
('T025',0919956872, 'EMP020'),
('T026',0958313687, 'EMP022'),
('T027',0958741365, 'EMP023'),
('T028',0952680030, 'EMP024'),
('T029',0962368712, 'EMP025'),
('T030',0953687469, 'EMP026');
COMMIT;
 
SET AUTOCOMMIT=0;
INSERT INTO EMAIL_EMPLEADO(COD_EMAIL_EMPL, EMAIL, ID_EMPLEADO) 
VALUES ('EM001','example0001@gmail.com', 'EMP001'),
('EM002','example0030@hotmail.com', 'EMP001'),
('EM003','example0025@gmail.com', 'EMP002'),
('EM004','example0019@hotmail.com', 'EMP002'),
('EM005','exampledge@gmail.com', 'EMP002'),
('EM006','exampledf1@gmail.com', 'EMP003'),
('EM007','examplegbbc@gmail.com', 'EMP004'),
('EM008','exampledibc@hotmail.com', 'EMP005'),
('EM009','example1597@gmail.com', 'EMP006'),
('EM010','example2003@outlook.com', 'EMP007'),
('EM011','example05el@gmail.com', 'EMP008'),
('EM012','example1973@gmail.com', 'EMP008'),
('EM013','exampledscd@hotmail.com', 'EMP009'),
('EM014','examplelksj@gmail.com', 'EMP010'),
('EM015','example1748@hotmail.com', 'EMP011'),
('EM016','example41ss@hotmail.com', 'EMP012'),
('EM017','examples5adw@gmail.com', 'EMP013'),
('EM018','example0002@hotmail.com', 'EMP015'),
('EM019','example0032@gmail.com', 'EMP016'),
('EM020','example1925@hotmail.com', 'EMP017'),
('EM021','exampleer37@gmail.com', 'EMP026'),
('EM022','example1861@gmail.com', 'EMP018'),
('EM023','examplesfeg@outlook.com', 'EMP019'),
('EM024','examplebg54@gmail.com', 'EMP020'),
('EM025','example15tg@gmail.com', 'EMP021'),
('EM026','examplekj98@gmail.com', 'EMP022'),
('EM027','example99lp@outlook.com', 'EMP023'),
('EM028','example054m@hotmail.com', 'EMP024'),
('EM029','example0020@gmail.com', 'EMP025'),
('EM030','example9874@hotmail.com', 'EMP014');
COMMIT;

SET AUTOCOMMIT=0;
INSERT INTO CLIENTE
VALUES ('PRINCIPAL MENDIBURO', 0955898741, null, 'A000000001' ),
('SAN MARTIN Y LA 10MA', 0955898741, 'ex1236@gmail.com', 'A000000002' ),
('SAMANES 1', 0926874741, 'abc_1995@hotmail.es', 'A000000003' ),
('CONDADO MZ15 SL3-3', 0956874213, null, 'A000000004' ),
('CEIBOS', 0996857410, null, 'A000000005' ),
('GUASMO SUR', 0955898741, 'example@gmail.com', 'A000000006' ),
('SAUCES 3 mzna 123 villa 3', 0968752200, 'a07@hotmail.com', 'A000000007' ),
('COOP MARIUTZI FEBRES CORDERO GUASMO SUR', 0955898741,'aeiou@hotmail.es', 'A000000008' ),
('GUASMO SUR COOP DERECHO DE LOS POBRES MZ 2 SL 1', 0955898741, 'ex000991@gmail.com', 'A000000009' ),
('LIZARDO GARCIA 2707 Y COLOMBIA', 0955898741, null, 'A000000010' ),
('LA JOYAs', 0955898741, null, 'A000000011' ),
('CALLE 10MA 3706', 0955898741, null, 'A000000012' ),
('DAULE', 0955898741, 'examp0985@gmail.com', 'A000000014' ),
('DURAN', 0955898741, 'express@gmail.com', 'A000000016' ),
('PUERTO INCA', 0955898741, null, 'A000000017' ),
('GUASMO SUR COOP 18 DE OCTUBRE MZ M SL 3', 0955898741, null, 'A000000018' ),
('VIA LA COSTA', 0955800041, 'dbc0001@outlook.es', 'A000000019' ),
('JUNIN 442 Y CORDOVA', 0955898701, null, 'MEX0000020' ),
('URB. LA GRAN VITTORIA', 0955898741, 'g_1234@gmail.es', 'A000000023' ),
('FLOR DE BASTION', 0955898741, null, 'A000000024' ),
('YAGUACHI BARBARA MARIDUEÑA', 0955898741, null, 'ARG0000025' ),
('DAULE', 0955898741, null, 'A000000031' ),
('ESMERALDA', 0955898741, null, 'A000000027' ),
('CLAVELES 1 MZ 10 VILLA 8', 0955898741, null, 'A000000028' ),
('AV DEL EJERCITO Y GENERAL GOMEZ', 0955898741, null, 'A000000029' ),
('SAUCES 2 f70 vl.-7', 0955898741, null, 'A000000030' ),
('HUAYNA CAPAC 212 Y AYACUCHO', 0955898741, null, 'MEX0000032' ),
('GUASMO CENTRAL', 0955898741, 'xvandra@hotmail.com', 'A000000033' ),
('FLORESTA 2', 0955898741, null, 'A000000035' ),
('DURAN', 0955898741, null, 'A000000036' ),
('MUCHO LOTE 3 ETAPA', 0955898741, 'nsoiqeu@hotmail.com', 'A000000037' ),
('MUCHO LOTE 1 MZNA 2288 VILLA 21', 0955898741, null, 'MEX0000038' ),
('PARROQUIA LIMONAL', 0955898741, null, 'A000000017' ),
('SAMBORONDON', 0955898741, null, 'A000000039' ),
('GUAYAQUIL', 0955898741, null, 'A000000040' ),
('DAULE CALLE BOLIVAR Y SAMBORONDON', 0955898741, null, 'A000000043' ),
('GUAZMO SUR COOPERATIVA REINA DEL QUINCHE 2', 0955898741, null, 'ARG0000044' ),
('CALLEJON 11AVA Y 4 DE NOVIEMBRE', 0955898741, null, 'A000000045' ),
('KM 8.5 VIA DAULE', 0955898741, null, 'A000000046' ),
('LOMAS DE LA FLORIDA', 0955898741, null, 'A000000049' ),
('LOS ROSALES 2', 0955898741, null, 'MEX0000050' ),
('MAPASINGUE ESTE', 0955898741, null, 'MEX0000051' ),
('LOS ESTEROS', 0955898741, null, 'PER0000052' ),
('MALECON Y ROCAFUERTE', 0955898741, null, 'PER0000053' ),
('LA P ENTE LA 24 Y LA 25 AVA', 0955898741, null, 'COL0000054' ),
('BELLAVISTA', 0955898741, null, 'A000000055' ),
('KM 10 VIA DURAN TAMBO', 0955898741, null, 'A000000056' ),
('MONTE SINAI', 0955898741, null, 'A000000058' ),
('GUASMO SUR COOP FLORIDA 1 MZ 6 SL 15', 0955898741, null, 'A000000059' ),
('GUASMO SUR', 0955898741, null, 'A000000060' ),
('CIUDAD DEL RIO MZ 959 V 18', 0955898741, null, 'A000000062' ),
('CALLE CUENCA Y LA 32', 0955898741, null, 'MEX0000063' ),
('MALECON Y 9 DE OCTUBRE DAULE', 0955898741, null, 'A000000065' ),
('KM 8 1/2 VIA DAULE', 0955898741, null, 'COL0000066' ),
('CDLA EL RECREO MZ 343 VILLA 23', 0955898741, null, 'COL0000067' ),
('ISLA TRINITARIA', 0955898741, null, 'PER0000069' ),
('26 Y LA H', 0955898741, null, 'PAR0000070' ),
('GUASMO SUR', 0955898741, null, 'A000000074' ),
('ALBORADA ETAPA 14', 0955898741, null, 'A000000075' ),
('KM 5 VIA DAULE', 0955898741, null, 'A000000076' ),
('ACACIAS MZ D6 VILLA 27', 0955898741, null, 'A000000077' ),
('ALBORADARA 8VA ETAPA MZ 32 VILLA 35', 0955898741, null, 'A000000078' ),
('YAGUACHI', 0955898741, null, 'A000000079' ),
('PROSPERINA', 0955898741, null, 'A000000080' ),
('GOMEZ RENDON ENT 16 Y LA 17', 0955898741, null, 'A000000081' ),
('SAN MARTIN 2005 Y CHILE', 0955898741, null, 'A000000082' ),
('VILLA CLUB', 0955898741, null, 'MEX0000083' ),
('ESTEROS MZ 1A V 11', 0955898741, null, 'MEX0000084' ),
('CERRO EL CARMEN', 0955898741, null, 'PER0000089' ),
('MAPASINGUE OSTE', 0955898741, null, 'PAN0000091' ),
('GUAYACANES MZ.-173 V.-8', 0955898741, null, 'PAR0000092' ),
('BASTION POPULAR BLOQUE 3 MZNA 611 SOLAR 1', 0955898741, null, 'A000000094' ),
('AZUAY 2113 Y LEONIDAS PLAZA', 0955898741, null, 'A000000095' ),
('MIGUEL VALVERDE Y 24 DE MAYO', 0955898741, null, 'A000000096' ),
('DURAN COOPUNIDAD NACIONAL', 0955898741, null, 'A000000098' ),
('PORTETE 3311 Y LA 7MA', 0955898741, null, 'A000000100' );
COMMIT;

SET AUTOCOMMIT = 0;
INSERT INTO CATEGORIA_MEDICINA VALUES
(1, 'DIGESTIVO Y METABOLISMO'),
(2, 'SANGRE'),
(3, 'CARDIOVASCULAR'),
(4, 'DERMATOLOGICOS'),
(5, 'SIST GENITOURINARIO'),
(6, 'ANTIINFECCIOSOS'),
(7, 'INMUNOMODULADORES'),
(8, 'SIST MUSC-ESQUEL'),
(9, 'SIST NERV-CENTRAL'),
(10, 'ANTIPARASITARIOS'),
(11, 'SIST RESPIRATORIO'),
(12, 'ORG SENSORIALES'),
(13, 'VARIOS');
COMMIT;
 
SET AUTOCOMMIT = 0;
INSERT INTO MEDICINA (CODIGO, NOMBRE, ID_CATEGORIA, ID_CADUCIDAD) VALUES
('CL-222-434', 'DEXTROSA SOLUCION', 9, 1),
('CL-222-885', 'DEXTROSA 5% VITAMINA', 13, 2),
('CL-222-269', 'CLNOOOORURO SODIO', 1, 3),
('CL-222-431', 'LACTATO DE RINGER', 1, 4),
('102222BUP0', 'BUPICAINA (BUPIROP)', 6, 5),
('222-58502', 'OMEPRAZOL POLVO INYE', 1, 6),
('222-58781', 'CLINDAMICINA AMP 600', 8, 7),
('222-58778', 'CEFTAZIDIMA POLVO', 2, 8),
('222-29969', 'RNOOOOOXICAINA JALEA', 4, 9),
('222-22877', 'ALBUMINA HUMANA SOL', 10, 10),
('222-4543', 'POVIDONA LOCION 120', 2, 11),
('222-2931', 'DOLGENAL AMP 60MG', 7, 12),
('421-04807', 'AGUA ESTERIL IRRIGAC', 13, 13),
('425-770109', 'NOOOAINA SIMPLE INYE', 6, 14),
('CL-222-432', 'CLORURO SODIO SOLUC', 3, 15),
('200100ALC0', 'NOOOOHOL 500ML ANTIS', 10, 16),
('421-04619', 'CLORURO SODIO SOLUC', 13, 17),
('421-04621', 'CLORURO SODIO SOLUC', 12, 18),
('700322CEF0', 'CEFAZOLINA AMP1XGR', 5, 19),
('700422DEX0', 'DEXAMETASONA AMPX4MG', 8, 20),
('700322FEN0', 'FENITOINA SOLINYX250', 12, 21),
('701322MER0', 'MEROPENEM SOLINYX1GR', 4, 22),
('702222VAN0', 'VANBIOTIC AMPINYX500', 7, 23),
('701622PEN0', 'PENICILINAG BENZ AMP', 13, 24);
COMMIT;
 
SET AUTOCOMMIT = 0;
INSERT INTO CADUCIDAD_MEDICINA VALUES
(1, '0001', '2019-06-15', 'CL-222-434'),
(2, '0002', '2019-10-04', 'CL-222-885'),
(3, '0003', '2019-01-30', 'CL-222-269'),
(4, '0004', '2019-02-20', 'CL-222-431'),
(5, '0005', '2019-04-21', '102222BUP0'),
(6, '0006', '2019-03-08', '222-58502'),
(7, '0007', '2019-05-10', '222-58781'),
(8, '0008', '2019-07-23', '222-58778'),
(9, '0009', '2019-08-14', '222-29969'),
(10, '0010', '2019-09-06', '222-22877'),
(11, '0011', '2019-11-25', '222-4543'),
(12, '0012', '2019-12-16', '222-2931'),
(13, '0013', '2020-01-14', '421-04807'),
(14, '0014', '2020-02-21', '425-770109'),
(15, '0015', '2020-03-16', 'CL-222-432'),
(16, '0016', '2020-04-02', '200100ALC0'),
(17, '0017', '2020-05-30', '421-04619'),
(18, '0018', '2020-06-18', '421-04621'),
(19, '0019', '2020-07-14', '700322CEF0'),
(20, '0020', '2020-08-25', '700422DEX0'),
(21, '0021', '2020-09-01', '700322FEN0'),
(22, '0022', '2020-10-26', '701322MER0'),
(23, '0023', '2020-11-02', '702222VAN0'),
(24, '0024', '2020-12-31', '701622PEN0');
COMMIT;

SET AUTOCOMMIT=0;
INSERT INTO KARDEX VALUES
(1,'701622PEN0', '004', 'FA003', 350, 100, 250),
(2,'702222VAN0', '002', 'FA008', 500, 50, 400),
(3,'701322MER0', '005', 'FA004', 100, 5, 30),
(4,'700322FEN0', '001', 'FA001', 50, 2, 20),
(5,'700422DEX0', '006', 'FA009', 400, 200, 350),
(6,'700322CEF0', '003', 'FA002', 364, 20, 156),
(7,'421-04621', '007', 'FA005', 153, 78, 85),
(8,'421-04619', '008','FA006',153, 84, 100),
(9,'200100ALC0', '009','FA007',86,25,40),
(10,'CL-222-432','001', 'FA001',250,30,30),
(11,'425-770109', '002', 'FA002',60,0,3),
(12,'421-04807','003','FA003',521,23,125),
(13,'222-2931','004','FA004',230,100,142),
(14,'222-4543','005','FA005',50,0,30),
(15,'222-22877','006','FA006',80,15,60),
(16,'222-29969','007','FA007',40,0,15),
(17,'222-58778','008','FA008',21,0,10),
(18,'222-58781','009','FA009',400,20,55),
(19,'222-58502','001','FA001',25,0,15),
(20,'102222BUP0','002','FA002',NULL,NULL,50),
(21,'CL-222-431','003','FA003',NULL,NULL,10),
(22,'CL-222-269','004','FA004',NULL,NULL,20),
(23,'CL-222-885','005','FA005',NULL,NULL,30),
(24,'CL-222-434','006','FA006',NULL,NULL,60);
COMMIT;

SET AUTOCOMMIT=0;
insert into factura (NUMERO, TOTAL_BRUTO, TOTAL_DSCTO, TOTAL_IVA, TOTAL_FACTURA, ID_FARMACIA, CEDULA_CLIENTE) values
/*5 compras por A000000001*/
('FA-1000-1000-01', 1, 1, 1, 1, 'FA001', 'A000000001'),
('FA-1000-1000-02', 1, 1, 1, 1, 'FA001', 'A000000001'),
('FA-1000-1000-03', 1, 1, 1, 1, 'FA002', 'A000000001'),
('FA-1000-1000-04', 1, 1, 1, 1, 'FA003', 'A000000001'),
('FA-1000-1000-05', 1, 1, 1, 1, 'FA001', 'A000000001'),
/*4 compras por A000000002*/
('FA-1000-1000-06', 1, 1, 1, 1, 'FA003', 'A000000002'),
('FA-1000-1000-07', 1, 1, 1, 1, 'FA003', 'A000000002'),
('FA-1000-1000-08', 1, 1, 1, 1, 'FA005', 'A000000002'),
('FA-1000-1000-09', 1, 1, 1, 1, 'FA001', 'A000000002'),
/*8 compras por A000000003*/
('FA-1000-1000-10', 1, 1, 1, 1, 'FA004', 'A000000003'),
('FA-1000-1000-11', 1, 1, 1, 1, 'FA003', 'A000000003'),
('FA-1000-1000-12', 1, 1, 1, 1, 'FA004', 'A000000003'),
('FA-1000-1000-13', 1, 1, 1, 1, 'FA006', 'A000000003'),
('FA-1000-1000-14', 1, 1, 1, 1, 'FA004', 'A000000003'),
('FA-1000-1000-15', 1, 1, 1, 1, 'FA004', 'A000000003'),
('FA-1000-1000-16', 1, 1, 1, 1, 'FA001', 'A000000003'),
('FA-1000-1000-17', 1, 1, 1, 1, 'FA001', 'A000000003'),

/* 1 compra por MEX0000020*/
('FA-1000-1000-18', 1, 1, 1, 1, 'FA003', 'MEX0000020')
;
COMMIT;

SET AUTOCOMMIT=0;
insert into factura_item (ID_ITEM, CANTIDAD, PRECIO, POR_DSCTO, POR_IVA, NETO, ID_FACTURA, COD_MEDICINA) values
#ITEMS PARA FA-1000-1000-01
(1, 3, 5.11, 3, 0.12, 5.11, 'FA-1000-1000-01', 'CL-222-434'),
(2, 4, 2.59, 9, 0.12, 2.59, 'FA-1000-1000-01', 'CL-222-431'),
#ITEMS PARA FA-1000-1000-02
(3, 1, 9.25, 0, 0.12, 9.25, 'FA-1000-1000-02', '222-58781'),
(4, 1, 0.60, 0, 0.12, 0.60, 'FA-1000-1000-02', '222-29969'),
#ITEMS PARA FA-1000-1000-03
(5, 15, 1.20, 0, 0.12, 1.20, 'FA-1000-1000-03', 'CL-222-432'),
(6, 7, 0.60, 0, 0.12, 0.60, 'FA-1000-1000-03', '222-29969'),
#ITEMS PARA FA-1000-1000-04
(7, 2, 1.20, 0, 0.12, 1.20, 'FA-1000-1000-04', 'CL-222-432'),
#ITEMS PARA FA-1000-1000-05
(8, 2, 22.40, 0, 0.12, 22.40, 'FA-1000-1000-05', '700422DEX0'),
#ITEMS PARA FA-1000-1000-06
(9, 3, 7.25, 0, 0.12, 7.25, 'FA-1000-1000-06', '700422DEX0'),
#ITEMS PARA FA-1000-1000-07
(10, 1, 1.35, 0, 0.12, 1.35, 'FA-1000-1000-07', '700422DEX0'),
#ITEMS PARA FA-1000-1000-08
(11, 1, 0.70, 0, 0.12, 0.70, 'FA-1000-1000-08', '700422DEX0'),
#ITEMS PARA FA-1000-1000-09
(12, 5, 1.20, 0, 0.12, 1.20, 'FA-1000-1000-09', '700422DEX0'),

#ITEMS PARA FA-1000-1000-10
(13, 4, 5.20, 0, 0.12, 5.20, 'FA-1000-1000-10', 'CL-222-432'),
#ITEMS PARA FA-1000-1000-11
(14, 2, 14.60, 0, 0.12, 14.60, 'FA-1000-1000-11', '700422DEX0'),
#ITEMS PARA FA-1000-1000-12
(15, 4, 3.10, 0, 0.12, 3.10, 'FA-1000-1000-12', '222-58781'),
#ITEMS PARA FA-1000-1000-13
(16, 6, 2.40, 0, 0.12, 2.40, 'FA-1000-1000-13', '421-04807'),
#ITEMS PARA FA-1000-1000-14
(17, 10, 6.75, 0, 0.12, 6.75, 'FA-1000-1000-14', '222-58781'),
#ITEMS PARA FA-1000-1000-15
(18, 13, 0.52, 0, 0.12, 0.52, 'FA-1000-1000-15', '222-22877'),
#ITEMS PARA FA-1000-1000-16
(19, 21, 0.70, 0, 0.12, 0.70, 'FA-1000-1000-16', '222-58502'),
#ITEMS PARA FA-1000-1000-17
(20, 5, 9.15, 0, 0.12, 9.15, 'FA-1000-1000-17', '700422DEX0'),
#ITEMS PARA FA-1000-1000-18
(21, 32, 7.85, 0, 0.12, 7.85, 'FA-1000-1000-18', '700322FEN0');
COMMIT;

SET FOREIGN_KEY_CHECKS = 1;