<?xml version="1.0" encoding="UTF-8"?>
<project-private xmlns="http://www.netbeans.org/ns/project-private/1">
    <editor-bookmarks xmlns="http://www.netbeans.org/ns/editor-bookmarks/2" lastBookmarkId="0"/>
    <open-files xmlns="http://www.netbeans.org/ns/projectui-open-files/2">
        <group>
            <file>file:/C:/Users/computron/Documents/4TO%20SEMESTRE/Estructuras%20de%20datos/PracticaArbolBinario/src/tree/BinaryTree.java</file>
            <file>file:/C:/Users/computron/Documents/4TO%20SEMESTRE/Estructuras%20de%20datos/PracticaArbolBinario/src/tree/BinaryNode.java</file>
            <file>file:/C:/Users/computron/Documents/4TO%20SEMESTRE/Estructuras%20de%20datos/PracticaArbolBinario/src/main/Main.java</file>
        </group>
    </open-files>
</project-private>
